repo,sha,generatedAt,files,nodes,edges,cycles,totalLOC,parseMs,parserMs,p95NodeDegree,maxInstability,hottestNode,unusedDeps,deadModules,workspaces
create-t3-app,4709861f7e67a15564c0460c13e7b4b6cfcae40d,2026-06-01T15:35:15.297Z,170,170,31,0,11031,496,481,2,1,www/src/config.ts,39,105,2
create-t3-turbo,8f945b7bb3bfb3ca8358d48b1ff0214079bc11ee,2026-06-01T15:35:16.753Z,74,74,62,1,3370,310,302,5,1,packages/ui/src/index.ts,48,22,13
hono,8e2cccc2fb3899519e43c774d0626cebaf79fe5a,2026-06-01T15:35:19.166Z,360,360,987,5,78034,934,923,13,1,src/context.ts,25,45,0
music.eduardlupu.com,4c0c7b8450a2fa3e9b0f50d2fc402f5f34607e28,2026-06-01T15:35:32.920Z,41,41,77,0,7677,1175,1012,10,1,src/lib/utils.ts,6,4,0
tailwind-nextjs-starter-blog,b45bef66b40c63b6f57c15ee8cd090682238df4c,2026-06-01T15:35:34.851Z,48,48,89,0,2689,251,248,9,1,data/siteMetadata.js,22,5,0
vercel-commerce,1df2cf6f6c935f4782eed27351fa18f276917a4d,2026-06-01T15:35:36.402Z,65,65,120,1,3896,276,270,9,1,lib/shopify/index.ts,3,5,0
zustand,04a8487aea075b13e71a327cc99b16fb68352c1a,2026-06-01T15:35:38.041Z,46,46,61,0,9470,382,378,13,1,src/vanilla.ts,22,15,0
cap,8cd264a643841f1495870e5c98bf33a148c34b00,2026-06-01T15:35:50.717Z,1190,1190,2205,8,230554,1940,1838,11,1,apps/desktop/src/utils/tauri.ts,150,109,21
chakra-ui,4a8728ea03ff7d0eca62610dda21e3c4e04d8cc6,2026-06-01T15:36:08.034Z,2677,2677,3861,1,188870,3381,3330,8,1,packages/react/src/styled-system/index.ts,85,327,14
depmod,f16e44e06db06cecd79bd9a18febcb4c12c4711c,2026-06-01T15:36:09.980Z,180,180,267,4,19072,536,529,10,1,apps/web/lib/store.ts,12,6,5
drizzle-orm,48e5406027103a9fca6eb66417187c4a8b5c6aa3,2026-06-01T15:36:15.672Z,943,943,4309,11,446968,2506,2478,29,1,drizzle-orm/src/entity.ts,65,195,9
langfuse,8c6d09b91aab826eae56518f4b10f7b72d84bde6,2026-06-01T15:36:24.813Z,2447,2447,8491,14,559369,5363,5235,22,1,web/src/components/ui/button.tsx,68,164,7
mastra,91313ff2491d84f1c9e41098eb1f5a1502405bfe,2026-06-01T15:36:49.814Z,6897,6897,15691,41,1679221,15192,14822,12,1,packages/playground-ui/src/lib/utils.ts,670,762,146
next-auth,dab3cfb1a04aad0b20e616bf9f1d21b5d6e318cd,2026-06-01T15:36:54.527Z,540,540,588,4,53275,1456,1343,7,1,packages/core/src/providers/index.ts,82,176,37
openstatus,def2e1f4e74ef4d182f10637c9a67754189dcd93,2026-06-01T15:37:06.126Z,1774,1774,3820,10,216497,2102,2102,11,1,packages/services/src/context.ts,0,240,7
radix-primitives,e5c660d0bdc4220abb70d392fb19da37bca873cc,2026-06-01T15:37:08.361Z,248,248,143,0,46083,874,851,2,1,apps/ssr-testing/app/slot/client.tsx,161,68,5
shadcn-taxonomy,298a8857c7128a0d121e7f699dfd729f23b3966d,2026-06-01T15:37:09.952Z,127,127,247,0,7730,342,335,9,1,lib/utils.ts,27,25,0
shadcn-ui,adac7cae1f5bb08c210483b73732100cec51987c,2026-06-01T15:37:18.817Z,3690,3690,11094,9,489948,3382,3297,13,1,apps/v4/lib/utils.ts,223,84,3
tanstack-query,134809544c27cc033ef696d79e3fe4bf75d1e6a8,2026-06-01T15:37:25.502Z,1031,1031,1497,3,169734,2390,2312,9,1,packages/preact-query/src/index.ts,268,161,102
trpc,c7360d4eb3c89c336468809a293e5cda4b302d4b,2026-06-01T15:37:29.719Z,895,895,2264,12,116336,2396,2341,11,1,packages/server/src/index.ts,332,108,40
uploadthing,720849fa29eae89fae54b75898c1893e2840cde2,2026-06-01T15:37:33.897Z,441,441,546,2,39120,1157,1109,7,1,packages/uploadthing/src/types.ts,111,79,42
cal-web,180ede28f0bddf2738933a6e60a8e80f6116d7da,2026-06-01T15:37:51.560Z,988,988,1287,9,126331,2071,2020,6,1,app/_utils.tsx,64,162,0
documenso,c50a01d0044274a76dab7ebba5ca0a6738ff5e64,2026-06-01T15:38:02.403Z,1889,1889,3611,25,238181,3603,3532,11,1,packages/trpc/server/trpc.ts,84,575,16
dub,6af085f41af1e0473b3fdedd79a5ceba0fa3528d,2026-06-01T15:38:11.655Z,3927,3927,10929,19,437499,5822,5751,14,1,apps/web/lib/types.ts,49,280,12
formbricks,6dc57403c93c4795bd1fc7a873c8fc2c350ac871,2026-06-01T15:38:26.427Z,2535,2535,6165,7,389973,4863,4750,14,1,apps/web/lib/constants.ts,94,246,18
hoppscotch,e067ee0b3224c675ba4b9bcd98366d0f1b6be3ee,2026-06-01T15:38:31.539Z,1058,1058,2072,18,214156,1920,1871,13,1,packages/hoppscotch-js-sandbox/src/utils/test-helpers.ts,215,203,14
infisical,15d65e20757f5bccef8e8540b2baaca20b7bbf1c,2026-06-01T15:39:48.583Z,6939,6939,11568,2,956047,11891,11722,8,1,backend/src/db/schemas/index.ts,37,1254,0
novu,cf6aabe6ac4a9ce94fc334aa10e83e92e8d66ad6,2026-06-01T15:40:02.263Z,7048,7048,24695,42,757885,8467,8194,19,1,libs/internal-sdk/src/types/fp.ts,439,536,37
payload,82862242d6170ce3f29dfe3f20ac7fbf050dad7d,2026-06-01T15:40:21.252Z,6305,6305,14911,56,754344,12854,12636,14,1,packages/ui/src/exports/client/index.ts,471,874,51
plane-web,b1c78fe4c832e188454840eb38fd20cd05ef8b0a,2026-06-01T15:40:29.177Z,2049,2049,5569,33,181970,1707,1665,13,1,core/hooks/store/user/index.ts,12,104,0
react-email,4d505bbb93badccc086ca261645d856e469e4c03,2026-06-01T15:40:43.453Z,1092,1092,1791,7,201110,1989,1933,9,1,apps/web/components/_components/layout.tsx,95,325,13
refine,7a8aec225a2f5d4bc155d386b1766c5695cd485c,2026-06-01T15:40:58.466Z,6376,6376,6636,19,581297,7971,7971,6,1,packages/core/src/contexts/data/types.ts,0,1410,253
trigger.dev,e1950778e2f2007e2d432b8f8a8fc89531c51f19,2026-06-01T15:41:10.551Z,2526,2526,9040,21,574931,6134,5963,23,1,apps/webapp/app/db.server.ts,247,492,58
twenty,ba493e5a23bc69aefa283c5867c24484ef60bbe4,2026-06-01T15:41:51.736Z,18156,18156,65478,64,1527941,20684,20421,21,1,packages/twenty-front/src/generated-metadata/graphql.ts,233,2334,18
unkey,f696049476b3ce3f4e07f74ef2674d3b7e703355,2026-06-01T15:42:06.007Z,1934,1934,2931,10,182080,2403,2350,7,1,web/internal/icons/src/props.ts,68,326,0
vite,f94df87ff03b40b65e29bacdc04cc18c7bccaa4a,2026-06-01T15:42:10.760Z,1387,1387,1674,28,92608,1741,1615,10,1,packages/vite/src/node/utils.ts,144,665,229
appsmith,a0620d9143a2d050d52aa10686a56241397a2fb6,2026-06-01T15:42:42.421Z,6551,6551,9344,59,945546,12996,12847,7,1,app/client/cypress/support/Objects/ObjectsCore.ts,155,1517,0
astro,fa7a26410e487e390e89b1302994aaea150b5bdd,2026-06-01T15:42:51.006Z,2329,2329,3420,16,221208,3756,3443,12,1,packages/astro/test/test-utils.ts,977,237,7
cal.com,180ede28f0bddf2738933a6e60a8e80f6116d7da,2026-06-01T15:43:00.440Z,4999,4999,9157,24,546207,9382,9058,12,1,packages/platform/constants/index.ts,343,1194,113
expo,a6b8b0b78fbb323b3691833eb092054e9917a5c1,2026-06-01T15:43:58.955Z,7080,7080,12023,47,814797,31292,30716,11,1,packages/@expo/cli/src/log.ts,807,2133,157
nuxt,60ecbc1b417ba1b95d053d3a93fecacc68ff7683,2026-06-01T15:44:02.718Z,639,639,886,6,73047,1441,1398,9,1,packages/nuxt/src/app/nuxt.ts,126,91,28
nx,412a37a16c86b1c343946b6d6a01dbbb7a0de7c3,2026-06-01T15:44:18.113Z,4434,4434,8161,21,890522,5946,5594,12,1,packages/nx/src/config/project-graph.ts,449,598,120
plane,b1c78fe4c832e188454840eb38fd20cd05ef8b0a,2026-06-01T15:44:23.789Z,3476,3476,7496,39,297502,5442,5253,10,1,apps/web/core/hooks/store/use-project.ts,78,324,20
react-router,508d667460a3efd4b937cb67ca79494ea78960c4,2026-06-01T15:44:27.719Z,786,786,1327,5,194816,1711,1673,10,1,packages/react-router/index.ts,219,166,36
sanity,054950f5ec4acde34fb6c0886b72a7c1eb8fb76d,2026-06-01T15:44:36.437Z,4419,4419,9005,45,449178,4614,4469,12,1,packages/sanity/test/testUtils/TestProvider.tsx,178,578,36
supabase,cd16e85d8616dd9d91d6bbedbc83356d36fef28f,2026-06-01T15:45:36.808Z,6791,6791,17863,41,852682,12492,12492,16,1,apps/studio/data/fetchers.ts,0,805,24
turborepo,a0c4666d131f97f122aa438ea966c66102cceada,2026-06-01T15:45:47.274Z,1047,1047,921,4,71218,2113,1872,6,1,apps/docs/lib/utils.ts,1861,321,23
vercel-monorepo,97fdbbe64190be7d0f09732f942ff33295b614f1,2026-06-01T15:46:06.458Z,5269,5269,8127,21,510764,9543,8862,13,1,packages/cli/src/util/client.ts,1414,351,54
medusa,08d7f0e972754be3a933bfe897c59e93132be61e,2026-06-01T15:46:33.260Z,10697,10697,16172,58,1057552,15517,15080,9,1,packages/design-system/icons/src/types.ts,356,2650,77
typeorm,d513f227337077dd6aa53ae890020cfa2bb165ae,2026-06-01T15:46:40.984Z,3550,3550,11610,216,300404,4136,3947,11,1,src/index.ts,47,186,0
prisma,42f91027828f3581066d01cc7f5d22a3006327d9,2026-06-01T15:46:51.352Z,2749,2749,5037,17,224004,6357,6221,10,1,packages/config/src/index.ts,469,187,47
storybook,c4f53de963390ba1ac876f0ab311683928cec36b,2026-06-01T15:47:07.092Z,3410,3410,5237,29,422832,5304,5198,9,1,code/vitest.shared.ts,251,541,45
jest,4c3091b4204d703f4ebe343b8ac9d8a28ac4388e,2026-06-01T15:47:13.663Z,1889,1889,1363,9,170505,2044,1897,5,1,e2e/runJest.ts,229,110,70
pnpm,71eea4d74ed1a88289a3fd53215dc5d6d26a663f,2026-06-01T15:47:20.344Z,1439,1439,1317,17,223095,3249,2918,6,1,installing/deps-installer/test/utils/index.ts,1043,217,207
backstage,1f709a386b8ce0ab9a994f64634fde4ead00f78e,2026-06-01T15:48:18.285Z,7147,7147,12099,35,917984,7672,7139,8,1,packages/ui/src/hooks/useDefinition/index.ts,719,741,224
gitkraken,cd68d37b0912af68903f9f2b038fd4f1864e6670,2026-06-01T15:48:28.286Z,1455,1455,8502,12,393318,3240,3179,32,1,src/container.ts,80,232,8
tabler,d8bbb1e5a79ad6c63e3eed5a301b539a3128e9b8,2026-06-01T15:48:38.368Z,70,70,175,0,16290,550,470,18,1,core/js/tests/helpers/fixture.ts,59,14,3
immich,69b19464849126cab2bdd4d7959b70bda25287ee,2026-06-01T15:48:48.003Z,985,985,3228,7,148893,2094,2031,23,1,server/src/enum.ts,81,313,10
appwrite,fa4de8e7cae4327e61c9b6530c3e6eeb81640729,2026-06-01T15:48:58.056Z,86,86,144,3,18914,603,551,12,1,public/sdk-console/client.ts,6,14,0
directus,4290f6e1f544382ab594cdafa0893b428083a2fc,2026-06-01T15:49:08.204Z,2986,2986,6652,18,368184,5991,5875,13,1,sdk/src/rest/types.ts,167,431,40
keystone,033d06529018482c16f309d8bd6e6e2280e9c161,2026-06-01T15:49:14.949Z,910,910,1776,16,106734,1742,1678,13,1,packages/core/src/types/index.ts,250,133,86
umami,c0ea3aefbee7a3429ee2f824b06dc4a9dbe0b7e1,2026-06-01T15:49:17.645Z,834,834,2920,4,50449,1011,987,15,1,src/components/hooks/index.ts,30,44,0
posthog,17d5505ec612bfbdc2f6ec1e4ac14cbedc565a62,2026-06-01T15:50:08.861Z,8398,8398,43016,29,1741720,29175,29175,25,1,frontend/src/types.ts,0,536,89
outline,b2309df76d18991bde369894c8a9054277eae698,2026-06-01T15:50:14.929Z,2244,2244,10333,8,285621,3094,3051,26,1,shared/types.ts,33,445,0
calcom-api,180ede28f0bddf2738933a6e60a8e80f6116d7da,2026-06-01T15:50:16.281Z,625,625,122,0,70940,1268,1245,2,1,v2/src/modules/webhooks/outputs/webhook.output.ts,19,458,0
supabase-studio,cd16e85d8616dd9d91d6bbedbc83356d36fef28f,2026-06-01T15:50:25.359Z,3700,3700,14539,29,529757,9079,8993,20,1,types/index.ts,21,197,0
